file,label,script,gardiner_code,index,emb,umap_x,umap_y,tsne_x,tsne_y,cluster_id
oracle_selected_glyphs\人\1.png,人,oracle,NA,1,"[ 2.0844e-02 -1.4328e-02 -2.7740e-02 -2.6352e-02  1.6342e-02 -4.6539e-02
 -4.8752e-03  6.3904e-02  6.0043e-03  2.3468e-02  1.2794e-02  1.4000e-02
  5.3772e-02 -2.6932e-02 -2.3537e-03  1.2901e-02  3.6682e-02 -1.1921e-03
 -5.7526e-03  9.9468e-04 -5.9326e-02  1.3779e-02 -1.4282e-02 -3.9398e-02
  2.2324e-02  2.0966e-02 -4.1748e-02  3.6182e-03 -1.8127e-02 -2.4586e-03
 -7.7581e-04 -1.1757e-02  1.3542e-02  4.4983e-02  3.4332e-02 -3.8849e-02
 -9.3384e-03 -2.3956e-03  1.2901e-02 -1.2225e-01 -2.2717e-03 -1.3237e-02
 -1.4771e-02 -3.3051e-02 -1.6815e-02  9.4666e-02 -1.5503e-02 -1.1482e-02
  1.1566e-02 -2.4872e-02 -7.8506e-03 -8.5983e-03  2.2415e-02 -3.0106e-02
 -4.4647e-02  1.0513e-02  5.6519e-02  2.1973e-03  3.0640e-02  2.4139e-02
  8.0139e-02 -1.2825e-02  2.2293e-02 -2.3651e-02 -9.8038e-03 -2.3727e-02
 -1.7288e-02  4.2381e-03 -4.2999e-02  2.0447e-02 -2.9343e-02  8.1711e-03
  1.9424e-02  1.7920e-03 -1.2749e-02 -1.7197e-02  9.9182e-03  1.8829e-02
  1.3290e-02 -1.5701e-02  2.7069e-02  2.8610e-02  1.7059e-02  1.6495e-02
  1.0086e-02  2.7084e-02 -2.9236e-02 -8.8806e-03 -1.8341e-02 -2.3911e-02
  9.4452e-03 -1.2383e-02 -7.6807e-01  5.5573e-02  2.3117e-02 -1.8799e-02
  1.6220e-02 -2.0844e-02 -1.6495e-02  7.5912e-03 -3.8586e-03  4.9225e-02
  1.5526e-02  9.1324e-03  3.7567e-02 -2.3209e-02 -1.4856e-01  2.6962e-02
  3.5858e-02  2.6474e-02  2.6672e-02 -1.7029e-02 -6.3705e-03  1.5488e-02
  3.4332e-04 -3.4912e-02 -4.6349e-03 -2.8732e-02 -1.6937e-02  1.3954e-02
 -2.0264e-02  4.8340e-02 -4.3640e-02  2.1942e-02  2.4261e-02  1.6693e-02
 -3.2715e-02 -3.4714e-03  1.1986e-02 -2.4834e-03 -8.4534e-03  1.5869e-02
  1.1040e-02  9.1614e-02  3.6377e-02  1.3649e-02  2.1103e-02  1.7822e-02
 -1.0269e-02 -2.4475e-02 -1.6586e-02  7.6103e-03 -4.9988e-02  2.1027e-02
 -3.2532e-02  1.4099e-02  1.8265e-02 -2.5314e-02 -8.7967e-03 -2.4548e-03
 -5.9280e-03 -3.5522e-02  3.1769e-02 -4.5227e-02 -1.3125e-04 -2.5223e-02
  9.3613e-03 -2.2964e-02  1.6846e-02 -1.6266e-02 -3.2684e-02 -7.3357e-03
  7.8278e-03 -1.3344e-02  1.5312e-02 -1.5564e-02  3.5839e-03  7.3967e-03
 -2.7962e-03  1.6541e-02 -2.2232e-02  1.0040e-02  9.9792e-03 -1.7197e-02
  4.2999e-02 -2.1683e-02  2.8503e-02  7.6485e-03  8.7891e-03  1.2466e-02
 -4.4006e-02  2.6489e-02  1.3557e-02 -1.9958e-02 -6.7139e-03 -1.4130e-02
  2.9724e-02  8.7204e-03  3.2997e-04 -1.2112e-03 -1.0452e-02 -2.7313e-02
  1.8814e-02  2.7466e-02  4.0619e-02  2.9144e-02  2.6443e-02  1.6953e-02
  2.7561e-03  2.6443e-02  1.3947e-02 -9.9258e-03 -4.3976e-02 -6.1378e-03
  7.0724e-03 -3.9948e-02 -1.1971e-02  1.9638e-02 -7.6332e-03 -5.2414e-03
 -2.7027e-03  6.7566e-02  2.5925e-02  2.3727e-02  1.6022e-02 -2.8732e-02
 -3.0029e-02 -6.9542e-03  2.2003e-02 -6.0059e-02  3.6346e-02 -1.1055e-02
  3.7018e-02  8.9188e-03  7.6828e-03  1.2871e-02 -6.6833e-03  4.4823e-03
 -1.5854e-02  2.7939e-02 -3.3905e-02  1.9302e-02  1.7166e-02 -2.4597e-02
  5.5786e-02 -2.5177e-04  7.2289e-04  8.1406e-03  1.0914e-04  1.8967e-02
  1.8906e-02  3.5278e-02  9.7351e-03  9.0408e-03 -2.7710e-02  1.2321e-02
 -7.1831e-03  1.2054e-02  3.6407e-02  2.0142e-02  2.0466e-03 -1.0849e-02
  6.9189e-04 -1.2527e-02  1.5083e-02  3.5400e-02  1.9958e-02  1.6541e-02
 -5.2979e-02 -8.3618e-03 -1.1627e-02  3.1647e-02  1.2924e-02 -5.5481e-02
 -3.4271e-02 -7.5798e-03  1.7288e-02  2.9564e-03  7.5760e-03 -8.8196e-03
 -1.3977e-02  3.8818e-02 -3.2139e-04 -3.6713e-02  4.4975e-03 -3.0994e-03
 -6.8245e-03 -8.7433e-03 -8.9951e-03  2.5223e-02  1.6708e-02  2.2446e-02
 -3.3386e-02  3.1891e-02 -3.4760e-02  3.6041e-02 -2.1042e-02  3.1929e-03
 -3.3665e-03  1.5930e-02  5.3406e-02  6.3362e-03 -1.8473e-03  1.3947e-02
 -4.4556e-03  3.7323e-02 -1.9333e-02 -1.8492e-03  1.0841e-02 -5.0545e-03
  3.3752e-02 -3.5339e-02  1.4061e-02  3.6346e-02  1.8415e-03 -4.3884e-02
 -1.4282e-02  1.5671e-02 -2.4605e-03 -1.9669e-02  4.0619e-02 -1.6815e-02
  9.1736e-02 -1.3733e-02 -4.9477e-03  5.7434e-02  4.0161e-02  1.9058e-02
 -3.3665e-03 -4.4281e-02  2.2110e-02  1.7932e-01 -3.2135e-02  8.7814e-03
  1.2901e-02  1.2207e-02  2.0920e-02 -3.3936e-02  8.1863e-03  5.5817e-02
  1.4458e-02  2.0599e-02 -2.1381e-03 -6.2599e-03 -1.6144e-02  1.1940e-02
 -1.6083e-02  2.3117e-02  1.0368e-02  9.9792e-03 -1.8143e-02 -1.9226e-02
  1.4175e-02  1.1192e-02  3.9795e-02  3.3142e-02  5.8517e-03  1.0010e-02
 -3.3905e-02 -1.7349e-02  4.9957e-02 -3.2196e-02 -1.8555e-02  2.5742e-02
  2.9526e-02  1.0834e-02  2.4353e-02 -6.8970e-02 -9.6703e-04  3.0258e-02
  1.5869e-02 -1.3191e-02  4.1084e-03  2.3254e-02 -9.5398e-02  1.3626e-02
 -1.9531e-02 -1.7029e-02 -4.2224e-04  3.8483e-02  1.7303e-02  2.0859e-02
  1.6098e-02  3.5645e-02  2.8000e-02 -1.7380e-02 -5.4047e-02 -2.2316e-04
 -6.7078e-02 -1.1009e-02  1.8097e-02 -2.4231e-02  6.8808e-04 -2.1622e-02
 -9.2697e-04  1.3466e-03 -3.9734e-02 -5.1697e-02 -1.7776e-02  3.6449e-03
 -5.3711e-02 -6.0081e-03 -1.3618e-02 -4.9225e-02  1.5457e-02 -2.2430e-02
 -1.7273e-02 -4.9164e-02  4.2737e-05 -3.1647e-02  4.7159e-04  1.7410e-02
  2.6749e-02 -4.9477e-03 -1.8753e-02  2.5421e-02  1.6647e-02 -2.6886e-02
  4.5990e-02 -1.5701e-02  5.0934e-02  7.4997e-03  5.8197e-02  4.7333e-02
  3.0289e-02  6.1340e-03 -9.7656e-03 -3.3325e-02 -1.8906e-02 -2.3178e-02
  9.6273e-04 -1.7090e-02  2.3407e-02 -7.4539e-03 -8.6136e-03  1.3306e-02
  1.0437e-02 -1.2291e-02 -1.7349e-02  1.6220e-02 -3.5954e-03  1.5625e-02
  3.1250e-02  3.6297e-03  1.7258e-02 -7.4501e-03  2.6031e-02 -9.7513e-04
 -5.4359e-03  4.2297e-02 -3.7476e-02  6.5979e-02 -1.2642e-02 -6.9084e-03
 -1.0422e-02  2.1790e-02 -1.2131e-02  3.7556e-03 -1.7899e-02 -3.4332e-02
  6.8092e-03  1.1276e-02 -1.6785e-02  9.7504e-03 -2.9709e-02 -1.4473e-02
  1.2321e-03  4.9744e-03 -4.5349e-02 -5.1697e-02  8.1329e-03 -1.0963e-02
 -2.7199e-03 -2.1179e-02  1.2466e-02 -2.0309e-02  7.1411e-02 -8.3237e-03
  2.2003e-02 -3.3875e-02 -1.1955e-02  8.5068e-03  4.8676e-02  2.6321e-04
 -4.8065e-03  9.3765e-03  2.4704e-02  1.0323e-02  1.6870e-03  6.7520e-03
 -8.2169e-03 -2.0111e-02 -2.5925e-02  1.7853e-02 -5.1537e-03 -1.1375e-02
  9.4910e-03 -2.0157e-02 -1.2459e-02 -6.8512e-03 -4.1656e-03 -8.2195e-05
 -4.5052e-03 -8.6060e-03  2.6642e-02  3.5572e-03  1.1322e-02  7.7515e-03
  2.2751e-02  3.0212e-02 -6.2180e-03 -2.6073e-03 -9.2316e-03  1.6998e-02
  4.2725e-02 -5.4550e-03 -2.5528e-02  7.8354e-03 -2.3529e-02  6.4575e-02
 -1.6373e-02  1.5961e-02]",13.724682,1.5003947,13.015950958978301,-2.239737037969422,0
oracle_selected_glyphs\人\2.png,人,oracle,NA,2,"[ 2.3178e-02  1.9653e-02 -2.1152e-03 -7.1602e-03  2.6962e-02 -2.8732e-02
 -2.0233e-02  8.0322e-02  5.3635e-03  7.1859e-04  6.6452e-03 -9.2621e-03
  5.2429e-02 -2.3788e-02  1.2123e-02  1.7242e-02  5.4749e-02  2.2324e-02
 -1.0330e-02 -2.3392e-02  9.2793e-04  4.2938e-02  7.2098e-03 -1.9089e-02
 -4.0741e-03  1.1688e-02 -1.5961e-02 -1.2169e-02 -1.3283e-02 -1.1948e-02
  1.1200e-02 -1.4008e-02  4.0169e-03  2.5497e-02  1.7715e-02 -5.7373e-02
 -1.2581e-02  1.5572e-02 -1.8204e-02 -1.2598e-01 -3.0045e-02 -2.3636e-02
 -2.2141e-02 -3.3661e-02  4.2076e-03  6.5651e-03  2.4643e-02  1.5129e-02
 -1.1513e-02  5.0354e-03 -2.4185e-03  1.5717e-02  2.4246e-02  9.0122e-04
  2.7835e-05  2.2964e-02  5.4108e-02 -2.9964e-03  5.7411e-03 -7.7324e-03
  4.2114e-02 -1.6068e-02  1.8005e-02 -2.7557e-02 -4.1580e-03 -6.6900e-04
 -1.9135e-02 -2.5909e-02 -1.1993e-02 -7.2899e-03 -2.7649e-02 -8.4915e-03
  1.9287e-02  7.8354e-03 -1.3786e-02 -1.8716e-05  6.4354e-03  1.1192e-02
  2.0924e-03 -5.8167e-02  1.1368e-02  2.3155e-03  3.4119e-02  2.4094e-02
  5.2567e-03  1.5076e-02  4.7798e-03  1.5593e-03 -2.8488e-02 -2.5681e-02
  1.2825e-02 -1.8799e-02 -8.0225e-01  5.2399e-02  2.5299e-02 -9.9792e-03
  2.6794e-02 -1.3077e-02 -6.2485e-03 -2.0020e-02  3.7441e-03  2.3773e-02
  4.7035e-03  2.1469e-02  3.9612e-02  4.0894e-03 -1.6699e-01  4.4220e-02
  7.9727e-03  3.3455e-03 -2.7752e-03 -2.8366e-02 -1.8570e-02  9.1267e-04
 -2.6245e-02 -2.0266e-05 -6.5308e-03 -2.4170e-02 -1.4610e-02  2.0996e-02
 -1.6418e-02  7.3318e-03 -1.1940e-02  1.8448e-02  1.4145e-02  1.1551e-02
  6.9809e-03 -5.1537e-03 -1.0399e-02 -3.2227e-02  4.8804e-04  2.4643e-03
 -1.7319e-02  9.6558e-02  1.9058e-02  2.0126e-02  9.3002e-03 -3.7445e-02
  3.2520e-03 -3.6869e-03  1.2955e-02  1.1002e-02 -2.6337e-02  1.3790e-03
 -1.4900e-02  9.0637e-03  1.5556e-02  2.1347e-02  9.2163e-03 -2.0569e-02
 -6.5651e-03 -4.6906e-02  2.7634e-02 -1.0335e-04 -3.6278e-03 -2.1271e-02
 -1.2894e-02  2.7771e-02 -2.5543e-02 -1.0843e-03 -2.4841e-02  1.7380e-02
 -3.2234e-03 -2.0874e-02  2.2583e-02 -1.3260e-02 -6.3324e-03  1.8875e-02
 -6.4316e-03  1.5625e-02  1.1223e-02 -2.0813e-02 -6.4888e-03 -8.8196e-03
 -8.2064e-04 -2.3163e-02  2.6016e-02  1.1683e-03  1.8570e-02 -9.5062e-03
  1.6357e-02  1.4236e-02  1.0956e-02  1.2924e-02 -2.0737e-02 -2.7252e-02
  2.5131e-02 -8.7128e-03 -9.3079e-03  1.0612e-02  1.6327e-02 -1.3992e-02
 -1.6098e-02  2.1881e-02  7.2327e-03  6.1188e-03  8.0032e-03  1.3519e-02
 -1.8143e-02  1.5533e-02  1.8295e-02 -1.1261e-02 -1.6068e-02 -1.3763e-02
 -1.1856e-02  4.4394e-04 -1.1368e-02  7.2250e-03  4.7913e-02  7.3357e-03
 -1.0689e-02  6.7078e-02  3.5019e-03  4.6448e-02 -6.0539e-03 -2.2903e-02
 -1.0811e-02 -2.5578e-03  3.5553e-02 -4.9553e-03  4.7272e-02 -2.6917e-02
  2.9877e-02  7.8430e-03 -1.4946e-02  1.8265e-02  7.8888e-03  2.0370e-02
 -6.6328e-04  1.4931e-02 -6.7413e-05  2.0142e-02  1.9119e-02 -2.4948e-02
  5.6458e-02  6.5956e-03 -2.0355e-02 -2.5803e-02 -1.4511e-02  1.9501e-02
  1.7120e-02  1.9058e-02 -5.6000e-03  1.4809e-02 -2.4200e-02 -1.8204e-02
 -5.7831e-03  1.2894e-02  4.4952e-02  2.3056e-02  7.0953e-03 -1.8177e-03
  1.6586e-02 -3.6682e-02  3.6259e-03  2.6306e-02  1.5434e-02 -1.9180e-02
 -1.0315e-01 -3.3569e-02  9.7418e-04  5.6801e-03  8.0795e-03 -7.0190e-02
 -1.2108e-02  1.6098e-03  1.6129e-02 -1.7715e-02  1.8784e-02 -1.4153e-02
  3.1891e-02  1.6663e-02  5.1994e-03 -4.8409e-03 -4.0092e-03 -1.7639e-02
  3.0975e-02 -7.2517e-03  3.1128e-03  2.6367e-02  1.6556e-02  5.5786e-02
 -4.8065e-02  7.6675e-03 -1.1528e-02  1.5518e-02  2.8244e-02 -7.8735e-03
 -9.7656e-04 -5.8060e-03  3.4027e-02  1.3977e-02  4.1580e-03  1.9150e-02
 -1.3435e-02  6.6772e-02 -3.9520e-02 -2.2369e-02  1.5869e-02 -4.0649e-02
  1.6434e-02 -4.2236e-02  1.0345e-02  2.1347e-02 -3.6072e-02 -7.7515e-02
 -2.1114e-03 -7.2403e-03 -4.5509e-03 -2.1286e-02  6.1035e-03 -1.0567e-02
  9.6436e-02  1.3496e-02 -1.4648e-02  2.8412e-02  3.5522e-02 -2.7828e-03
 -1.2982e-04 -4.7424e-02  3.7537e-02  1.2299e-01 -1.8127e-02  2.4139e-02
  2.3056e-02 -1.7334e-02  1.1269e-02  1.3268e-04 -9.2316e-03  7.8125e-02
  6.8741e-03  1.8814e-02  5.3520e-03 -1.0208e-02 -1.4282e-02 -4.4403e-03
 -3.6804e-02  1.4816e-02  1.4893e-02  2.3819e-02  9.8610e-04  3.0632e-03
 -8.5144e-03  2.9434e-02  2.5539e-03  3.8452e-02  1.3893e-02  3.6507e-03
 -1.7227e-02  6.1531e-03  6.0516e-02 -9.5901e-03 -4.7493e-03  1.0689e-02
  1.9028e-02 -1.0117e-02 -1.2035e-03 -2.4826e-02  2.0035e-02  1.2764e-02
  3.1860e-02  1.2245e-02  1.8555e-02 -1.8005e-02 -6.5979e-02  1.1284e-02
 -6.7596e-03 -4.2439e-05 -1.2749e-02  8.1253e-03 -2.7809e-03  1.5669e-03
  1.9913e-02  7.5188e-03  3.2532e-02 -1.3092e-02 -4.0283e-02  5.7259e-03
 -3.2349e-02 -6.7978e-03 -3.2928e-02 -3.3112e-02  2.4612e-02 -1.9150e-02
  1.7670e-02  1.3756e-02  1.1467e-02 -1.8524e-02 -7.6599e-03  2.1683e-02
 -8.0811e-02 -2.3575e-02  1.6693e-02 -4.8676e-02 -5.7602e-03  1.2665e-02
  2.0966e-02 -3.6713e-02 -6.5384e-03 -2.0325e-02 -2.2507e-03  4.8798e-02
  4.3701e-02 -1.4969e-02  2.6207e-03 -2.6016e-02  1.5701e-02 -1.0857e-02
  5.7953e-02 -3.9124e-02  1.2840e-02  1.9054e-03  2.9938e-02  3.0396e-02
  1.8112e-02  3.6163e-02 -1.5278e-03 -3.7899e-03 -3.1891e-02 -1.4023e-02
  2.0004e-02 -1.3824e-02  1.3733e-02 -4.0955e-02  1.9287e-02  1.3649e-02
  2.7008e-03 -6.8588e-03 -2.2919e-02 -9.5901e-03  7.3662e-03  7.1373e-03
 -3.6373e-03  4.3221e-03 -7.8735e-03  6.4163e-03  3.3508e-02 -2.0508e-02
  3.2177e-03  2.1935e-03 -9.2621e-03  3.5889e-02  1.0843e-03  2.0966e-02
 -6.0234e-03  2.0203e-02 -3.2532e-02  2.2079e-02  5.8746e-04 -4.7028e-02
 -5.3223e-02 -4.0932e-03 -7.7972e-03 -6.4545e-03  5.0125e-03  1.6222e-03
  1.3039e-02 -2.5162e-02 -1.7868e-02 -2.9205e-02 -2.0370e-02  6.7940e-03
  1.1093e-02 -1.7197e-02  1.5404e-02 -1.9745e-02  8.5266e-02 -1.4175e-02
  1.4191e-02 -1.1116e-02  2.3315e-02  3.2654e-02  3.0334e-02  5.3520e-03
 -2.7130e-02 -3.2898e-02 -1.2741e-02 -1.6418e-02  2.0695e-03 -1.1185e-02
 -1.9547e-02 -1.6031e-03  1.1864e-03 -6.5956e-03  9.6436e-03 -2.0172e-02
 -3.2444e-03  2.1801e-03 -5.5618e-03 -3.3569e-02 -5.8289e-03 -9.8724e-03
 -4.2839e-03 -1.5488e-02  1.0941e-02 -1.6937e-03  1.5198e-02  9.7046e-03
  2.0599e-02 -2.9037e-02 -1.5038e-02 -2.9545e-03 -1.9958e-02  6.2714e-03
  3.4851e-02  5.9433e-03  1.1002e-02  9.7809e-03 -5.7106e-03  9.3262e-02
 -1.9855e-03  1.2238e-02]",12.26413,0.095026836,2.9789051385645386,-2.664021644414911,0
oracle_selected_glyphs\人\3.png,人,oracle,NA,3,"[ 1.9302e-02  1.5915e-02 -1.4961e-02 -9.8572e-03  2.5177e-02 -2.2034e-02
 -1.4259e-02  8.5266e-02  2.5391e-02  1.5497e-03  1.0651e-02  2.8038e-04
  4.3671e-02 -2.8000e-02  3.4428e-03  2.4902e-02  4.7119e-02  7.4005e-03
 -1.1719e-02 -1.1093e-02 -1.4336e-02  2.1393e-02 -5.8327e-03 -2.1774e-02
  6.6338e-03 -9.2626e-05 -2.3865e-02 -4.1618e-03 -2.1378e-02 -1.5099e-02
 -1.2321e-03 -8.1635e-03  9.8343e-03  2.4689e-02 -1.8406e-03 -4.3579e-02
 -1.2703e-02  1.1620e-02 -7.5722e-03 -1.3721e-01 -2.9953e-02 -1.6296e-02
 -2.4857e-02 -3.1738e-02  3.5305e-03  2.0767e-02  8.4000e-03  9.1248e-03
  3.0231e-03 -1.0605e-02 -2.4509e-03  3.9558e-03  1.6968e-02  1.2884e-03
 -1.2085e-02  1.9547e-02  4.3182e-02 -7.6447e-03  6.4163e-03  1.5617e-02
  4.1992e-02 -1.6174e-03  1.5358e-02 -3.5217e-02 -4.4403e-03 -3.9558e-03
 -1.5518e-02 -2.5070e-02 -1.6220e-02  4.0588e-03 -1.6846e-02 -7.5874e-03
  1.7975e-02  8.2016e-03 -2.2415e-02 -3.9749e-03  1.1894e-02  1.4938e-02
 -8.4496e-04 -4.7424e-02  1.3428e-02  1.2466e-02  1.7944e-02  5.8022e-03
  2.5120e-03  2.5848e-02  3.4523e-03 -1.2112e-03 -2.4231e-02 -1.9470e-02
  1.0567e-02 -2.0569e-02 -8.2129e-01  6.1401e-02  2.7206e-02 -4.3373e-03
  1.9821e-02 -1.0040e-02 -2.4704e-02 -2.7161e-02  5.0125e-03  1.7456e-02
  1.3542e-02  4.9095e-03  3.2837e-02  1.0735e-02 -1.5100e-01  4.0039e-02
  1.1116e-02  9.9335e-03  7.9012e-04 -2.7176e-02 -2.0813e-02  6.0768e-03
 -2.5848e-02 -2.7790e-03 -4.6196e-03 -2.2232e-02 -3.7899e-03  2.2003e-02
 -1.7212e-02  6.8169e-03 -1.8646e-02  2.4750e-02  1.8524e-02  4.0359e-03
 -1.5060e-02 -1.0056e-02  9.1629e-03 -3.1021e-02 -1.0849e-02  7.8812e-03
 -5.4741e-03  9.8267e-02  2.6779e-02  2.7725e-02 -2.8305e-03 -3.6499e-02
 -1.6098e-03 -1.1780e-02  1.3466e-03  5.1355e-04 -1.5778e-02  3.3379e-03
 -1.5717e-02  2.0248e-02  5.5122e-03  2.4223e-03 -5.6152e-03 -1.6510e-02
 -1.2352e-02 -4.3793e-02  3.8147e-02 -1.4519e-02 -5.8365e-03 -2.7664e-02
  2.3880e-03  1.3184e-02 -8.5678e-03 -1.0910e-02 -1.8417e-02  5.5199e-03
  5.5771e-03 -8.0261e-03  2.4536e-02 -1.2787e-02  7.8678e-04  9.6817e-03
  1.0452e-03  1.5686e-02  2.6703e-03 -1.3924e-02  3.7727e-03 -2.7199e-03
  1.2054e-03 -1.8036e-02  3.8513e-02 -1.3790e-03  2.4612e-02 -1.0399e-02
  6.8331e-04  1.3222e-02  8.8959e-03  4.9934e-03 -6.1035e-03 -3.3600e-02
  3.1982e-02 -5.4789e-04 -1.6022e-02  6.4888e-03  1.1452e-02 -1.3771e-02
 -3.8242e-03  1.9379e-02  2.2827e-02  3.3150e-03 -1.9388e-03 -8.9025e-04
 -2.4338e-02  1.6083e-02  8.2169e-03 -4.2152e-03 -2.5650e-02 -6.7940e-03
 -6.8741e-03 -8.9188e-03 -1.1131e-02  6.4697e-03  3.1204e-02  1.8173e-02
 -1.8225e-03  6.5247e-02  1.2611e-02  2.6581e-02 -2.0294e-03 -1.6846e-02
 -1.6174e-02 -5.9814e-03  3.6865e-02 -1.1459e-02  4.7882e-02 -2.5970e-02
  2.5681e-02  1.1581e-02 -8.8730e-03  2.2522e-02  7.7896e-03  1.4465e-02
 -6.3248e-03  2.2614e-02 -1.1139e-03  1.9379e-02  1.4488e-02 -1.8387e-02
  5.2917e-02 -1.5879e-03 -1.2459e-02 -2.1439e-02 -2.5452e-02  8.0185e-03
  2.1210e-02  2.9602e-02  5.4207e-03  2.4567e-02 -2.0172e-02 -2.0508e-02
 -3.0327e-03  1.6998e-02  3.6652e-02  1.8097e-02  5.8556e-03  2.9278e-03
  7.7209e-03 -2.9312e-02  1.5091e-02  8.6823e-03  1.1673e-02 -1.4679e-02
 -6.3904e-02 -3.4882e-02 -8.0109e-03  7.8735e-03  1.5163e-03 -4.7760e-02
 -9.0256e-03 -4.0817e-03  8.1482e-03 -1.6434e-02  1.6983e-02 -2.3132e-02
  2.1027e-02  1.8921e-02  6.0196e-03 -1.0132e-02 -1.2503e-03 -6.5956e-03
  2.3102e-02 -2.8534e-03  5.9471e-03  4.2450e-02  8.5220e-03  4.2786e-02
 -3.5309e-02  1.3206e-02 -1.6937e-02  1.8204e-02  4.7836e-03  5.4970e-03
 -2.0504e-03 -1.1665e-02  4.9225e-02  2.4521e-02 -2.4548e-03  2.8305e-02
 -1.4572e-02  5.4688e-02 -4.4373e-02 -1.8845e-02  1.6357e-02 -3.6133e-02
  2.1225e-02 -5.8685e-02  1.5976e-02  3.4332e-02 -1.9669e-02 -6.6223e-02
  1.0651e-02  3.5763e-03 -2.6703e-02 -2.0920e-02  6.5460e-03  7.5607e-03
  9.8267e-02  5.4283e-03 -1.4374e-02  3.9032e-02  3.4515e-02  3.0346e-03
 -8.7662e-03 -4.6356e-02  2.6947e-02  1.0822e-01 -2.8152e-02  1.3931e-02
  2.9755e-02 -4.9629e-03  6.1378e-03 -1.9550e-03  7.8011e-03  8.6975e-02
 -3.1052e-03  2.2766e-02  8.5754e-03 -1.4557e-02 -1.1536e-02 -1.8320e-03
 -2.6596e-02  2.3651e-02  4.4861e-03  2.2995e-02 -8.6060e-03 -6.6757e-03
 -7.0343e-03  1.6464e-02  9.4223e-03  3.4729e-02  2.3270e-02 -9.8419e-04
 -1.0757e-02  1.3054e-02  5.9906e-02 -1.0582e-02  2.0180e-03  1.1421e-02
  2.3804e-02 -1.8768e-02 -9.1782e-03 -3.3875e-02  2.0477e-02  2.3972e-02
  3.6499e-02  1.9531e-02  1.0590e-02 -1.5350e-02 -8.6792e-02  1.5083e-02
 -1.8969e-03 -1.6279e-03 -6.7062e-03  1.7456e-02  7.5722e-03  1.3809e-02
  2.5616e-03  1.6113e-02  3.2776e-02 -5.4054e-03 -3.3325e-02 -1.2598e-03
 -4.0161e-02 -2.1992e-03 -3.0716e-02 -3.0655e-02  1.2611e-02 -1.5326e-03
  6.2294e-03  1.2451e-02 -9.7198e-03 -1.7502e-02 -1.2840e-02  1.2436e-02
 -7.1838e-02 -3.0060e-02  1.3153e-02 -4.3121e-02  3.7098e-03  4.2610e-03
  1.5060e-02 -2.4414e-02 -1.3969e-02 -2.7481e-02 -9.3765e-03  3.7323e-02
  3.5095e-02 -3.6392e-03 -3.1147e-03 -1.0986e-02  1.7746e-02 -5.8784e-03
  5.6183e-02 -4.3518e-02  1.1444e-02  4.6806e-03  2.4384e-02  3.4607e-02
  1.8326e-02  2.9190e-02 -1.2169e-02 -1.1864e-02 -3.4058e-02 -2.6108e-02
  1.4687e-02 -2.6123e-02  1.4503e-02 -4.2145e-02  5.1994e-03  1.6098e-02
  6.9571e-04 -1.4954e-02 -5.8105e-02 -6.9580e-03 -1.2627e-03  7.4768e-03
  1.2245e-02 -5.9700e-03 -5.9052e-03 -1.3804e-04  1.8021e-02 -1.6479e-02
 -3.5858e-04  2.1561e-02 -2.2736e-02  4.5532e-02  3.8147e-03  1.7822e-02
  5.5199e-03  3.4332e-02 -2.2125e-02  2.8519e-02  5.5199e-03 -4.6814e-02
 -4.7546e-02 -1.4030e-02 -3.7746e-03 -4.9744e-03 -6.1150e-03  6.2256e-03
 -4.4060e-03 -1.1894e-02 -1.6403e-02 -3.4668e-02 -1.9440e-02  4.3333e-05
 -6.8130e-03 -7.1602e-03  2.1454e-02 -2.5085e-02  8.1726e-02 -4.0970e-03
  1.2169e-02 -2.1713e-02  1.2268e-02  1.9943e-02  3.0106e-02 -2.2717e-03
 -1.2825e-02 -1.3855e-02 -1.0803e-02 -1.4481e-02  2.7122e-03  4.3411e-03
 -2.6505e-02  3.7766e-04 -1.2848e-02  2.2030e-03  4.5509e-03 -1.0803e-02
  5.2643e-03 -4.1270e-04 -6.3438e-03 -4.0558e-02  1.9569e-03 -3.2349e-02
 -1.4544e-03 -8.4686e-03  1.7883e-02 -6.3477e-03  1.5106e-02  6.2895e-04
  1.8860e-02 -1.5869e-02 -1.4244e-02 -1.0162e-02 -1.8082e-02  1.1711e-02
  2.9190e-02  2.3174e-03 -1.1129e-03  5.7945e-03 -8.3160e-03  8.4045e-02
 -6.7139e-03  1.6068e-02]",12.447246,-0.17697081,3.292232985437146,-3.2237310507429804,0
oracle_selected_glyphs\人\4.png,人,oracle,NA,4,"[ 8.3237e-03 -1.1917e-02 -3.0090e-02 -3.1189e-02  1.7731e-02 -2.7985e-02
  1.8644e-04  6.1371e-02  1.8799e-02  2.3849e-02  1.0597e-02  2.1255e-02
  6.2469e-02 -3.4241e-02  2.2125e-03  3.5553e-02  2.7283e-02 -2.6321e-03
 -1.6251e-03 -3.1967e-03 -4.6997e-02  2.0035e-02 -8.8806e-03 -3.3173e-02
  2.9221e-03  2.1576e-02 -3.6133e-02  7.2250e-03  5.2109e-03  1.2802e-02
 -6.9275e-03 -2.2415e-02  1.6449e-02  3.1128e-02  3.2532e-02 -4.9561e-02
 -5.8222e-04  1.2245e-02  3.6163e-02 -1.5137e-01 -7.2174e-03 -8.0338e-03
 -2.4048e-02 -2.9037e-02 -2.0935e-02  7.5500e-02 -1.7273e-02 -2.0493e-02
 -3.1757e-04 -1.4503e-02 -4.2610e-03 -2.7832e-02  5.9967e-03 -1.7197e-02
 -2.2949e-02 -2.5997e-03  6.1066e-02 -3.1681e-03  2.1881e-02  1.4984e-02
  9.8511e-02  1.1765e-02 -4.8637e-05 -1.6800e-02 -9.7733e-03 -2.7557e-02
 -2.5314e-02  1.3748e-02 -3.6316e-02  3.9490e-02 -2.1835e-02  2.8400e-03
  1.2383e-02  1.2405e-02 -7.1526e-03 -2.9114e-02  3.1647e-02  2.9419e-02
  1.0811e-02  1.3113e-05  2.5757e-02  4.2847e-02  2.8366e-02  2.5902e-03
 -3.5172e-03  2.3804e-02 -4.1122e-03  5.0774e-03 -1.3565e-02 -1.8265e-02
  2.1988e-02 -2.4261e-02 -7.6807e-01  4.7333e-02  2.7390e-02 -1.5114e-02
  2.5864e-02 -1.5076e-02 -1.6739e-02  1.4315e-03 -2.1057e-02  4.0558e-02
  1.3786e-02 -1.4603e-02  3.2532e-02 -4.7607e-03 -1.3879e-01  3.3234e-02
  6.6795e-03  3.1616e-02  3.0708e-03 -4.3221e-03 -4.2534e-04  3.6591e-02
 -1.7105e-02 -2.0432e-02 -1.2444e-02 -1.0910e-02 -2.8397e-02  1.2566e-02
 -1.2299e-02  3.3600e-02 -3.9917e-02  3.1174e-02  2.1118e-02  9.7351e-03
 -2.8992e-02 -9.9106e-03  1.2115e-02 -1.7044e-02 -4.5433e-03  1.1848e-02
 -1.5187e-04  9.0759e-02  4.1382e-02  1.8738e-02  8.7280e-03  1.4969e-02
 -2.7405e-02 -2.1057e-02 -8.0795e-03 -1.7605e-03 -4.2786e-02 -3.2253e-03
 -3.9032e-02  3.8727e-02  2.1545e-02 -1.3176e-02 -2.2964e-02 -7.7820e-04
  6.4888e-03 -5.5756e-02  4.8248e-02 -2.9037e-02 -3.8385e-04 -1.3329e-02
  6.8054e-03 -1.8127e-02  1.3382e-02 -3.2867e-02 -3.2440e-02  1.1024e-02
  1.3161e-02 -1.6708e-02  9.8114e-03 -2.2247e-02 -3.9902e-03  1.0719e-03
 -1.5274e-02  1.0185e-02 -3.7048e-02  1.6235e-02  3.7003e-03  4.1008e-03
  4.1962e-02 -3.2135e-02  1.7502e-02  1.2199e-02  2.2522e-02  3.5309e-02
 -4.6478e-02  9.4299e-03 -7.7972e-03 -1.9577e-02 -6.3820e-03 -1.9547e-02
  3.7201e-02 -8.7662e-03 -1.0460e-02  8.9340e-03  9.1705e-03 -2.0996e-02
  5.2376e-03  1.6342e-02  3.1235e-02  2.9114e-02  1.9180e-02 -6.9466e-03
 -8.4457e-03  1.8982e-02 -1.8568e-03 -1.0598e-04 -1.9806e-02  3.5820e-03
 -1.3405e-02 -2.0386e-02 -7.4921e-03  2.4128e-03  1.5778e-02  1.6678e-02
 -9.9182e-03  9.1736e-02  2.3376e-02  1.5160e-02  1.8921e-02 -3.4058e-02
 -1.8051e-02 -1.6937e-02  1.2978e-02 -3.5522e-02  2.7542e-02 -3.4466e-03
  3.0777e-02  7.8201e-03  1.6251e-02  4.1046e-03 -6.8521e-04  1.0124e-02
 -1.7349e-02  9.0480e-05 -1.8219e-02  1.4656e-02 -2.7542e-03 -3.0075e-02
  5.8014e-02  1.3809e-03 -7.0953e-03 -8.3685e-04 -2.0386e-02  1.7044e-02
  2.6505e-02  2.5818e-02  1.1192e-02  3.1830e-02 -2.7206e-02  1.0109e-02
  3.7060e-03  1.7319e-02  4.4220e-02 -8.2016e-03  9.5139e-03 -9.4604e-03
 -1.2177e-02 -1.9363e-02  2.1988e-02  3.3936e-02  8.3618e-03  3.4428e-03
 -4.4769e-02 -2.6631e-04 -8.0338e-03  1.5961e-02  5.2719e-03 -5.6610e-02
 -2.6169e-02  1.9665e-03  3.1250e-02 -1.6556e-02  1.3981e-03 -1.8570e-02
 -8.0872e-03  4.7119e-02  8.0490e-03 -2.9770e-02 -9.5415e-04 -1.3256e-04
 -1.3893e-02  5.9357e-03 -1.0635e-02  2.3315e-02  1.4801e-02  3.2990e-02
 -1.8967e-02  1.3641e-02 -4.5227e-02  3.7476e-02 -3.8208e-02 -5.8441e-03
  6.4545e-03  1.2909e-02  4.4922e-02  1.2253e-02 -4.7112e-03  1.8784e-02
 -1.4763e-02  4.7821e-02 -3.2715e-02 -1.3695e-02  9.5978e-03 -3.8147e-02
  1.3916e-02 -3.6591e-02  2.2034e-02  2.4185e-02  4.5547e-03 -5.0232e-02
 -5.6305e-03  1.6052e-02 -1.3824e-02  2.2812e-03  3.5553e-02 -4.1618e-03
  9.0759e-02  9.5520e-03 -1.6647e-02  5.9265e-02  2.9037e-02  2.8397e-02
  5.7869e-03 -4.1870e-02  2.2095e-02  2.0374e-01 -2.2308e-02  4.1168e-02
 -1.6266e-02  8.8730e-03  6.8016e-03 -1.7395e-02  9.0256e-03  6.1432e-02
  9.7427e-03  3.8483e-02  2.1687e-03  1.2369e-03 -4.8409e-03  2.9831e-02
 -7.6675e-03  2.6703e-02  1.2321e-03  1.3069e-02 -1.7593e-02 -1.7639e-02
  3.8671e-04 -1.7519e-03  2.8763e-02  1.6647e-02  3.5686e-03  9.1934e-03
 -2.3849e-02 -3.0975e-02  3.7964e-02 -2.5604e-02 -1.8005e-02  7.1487e-03
  3.8055e-02  9.8343e-03  1.7258e-02 -8.3191e-02 -6.8474e-03  2.6413e-02
  2.0096e-02 -8.5754e-03  3.4637e-03  2.2034e-02 -6.8665e-02  7.5645e-03
 -8.6136e-03 -3.7689e-02  1.5198e-02  2.6932e-02  1.6663e-02  1.4412e-02
  3.7651e-03  1.5869e-02  2.0432e-02 -1.0155e-02 -6.4697e-02 -3.9673e-03
 -5.6732e-02 -2.2995e-02  7.8278e-03 -1.5068e-02 -3.9253e-03 -3.0609e-02
 -8.9569e-03  6.2294e-03 -2.8458e-02 -2.5894e-02 -1.9684e-02  1.3390e-02
 -6.7261e-02 -8.3008e-03  7.9651e-03 -4.1718e-02  1.3037e-03 -1.3664e-02
 -7.5302e-03 -4.3152e-02  7.7009e-04 -2.7298e-02 -1.8204e-02  1.7242e-02
  4.0161e-02  1.4267e-02  2.2869e-03  8.4229e-03  1.0323e-02 -3.4821e-02
  3.7140e-02 -2.8885e-02  4.8981e-02  8.0109e-03  6.4575e-02  3.7689e-02
  2.4261e-02  9.4147e-03  1.6556e-03 -1.6479e-02 -4.7417e-03 -3.8452e-02
  1.0941e-02 -3.2104e-02  8.8425e-03 -8.6899e-03  2.7786e-02  1.8677e-02
  9.1553e-04 -2.9434e-02 -8.2626e-03  2.5955e-02 -6.0501e-03  1.1568e-03
  5.4657e-02  4.4937e-03  1.3638e-03 -1.7548e-02  2.6596e-02  3.8986e-03
 -1.8265e-02  1.9241e-02 -3.4088e-02  5.9387e-02  7.1955e-04 -2.8019e-03
  1.1795e-02  2.2690e-02 -3.3321e-03  1.9287e-02 -2.1301e-02 -3.1555e-02
  7.8297e-04 -4.5319e-03  1.7471e-03  1.8951e-02 -1.6571e-02 -2.8000e-03
  1.1673e-02 -7.3738e-03 -2.9297e-02 -2.6520e-02  2.0294e-02 -5.1575e-03
  1.2722e-03 -3.6499e-02  1.1566e-02 -1.3649e-02  9.4971e-02 -1.0666e-02
  2.2049e-02 -3.6682e-02 -1.6251e-03  3.0350e-02  4.4067e-02 -3.8290e-04
 -2.4231e-02  1.4641e-02  2.4750e-02 -1.1940e-02  1.4832e-02 -5.2376e-03
 -1.0857e-02 -1.6464e-02 -1.2352e-02  8.5373e-03  9.7198e-03 -4.6005e-03
  1.9424e-02 -6.1951e-03 -2.1149e-02 -2.8931e-02 -5.9280e-03 -3.5915e-03
  1.0681e-02  6.5384e-03  2.0111e-02  1.1930e-03  7.8583e-03  5.7487e-03
 -1.8930e-03  2.0996e-02 -2.3132e-02  6.6605e-03 -2.2202e-02  1.6541e-02
  2.5940e-02  7.3051e-03 -1.0780e-02  1.1658e-02 -1.6479e-02  3.6774e-02
 -1.9562e-02  1.3596e-02]",13.563583,1.276123,12.839872698606175,-2.156960440278631,0
oracle_selected_glyphs\人\5.png,人,oracle,NA,5,"[ 1.0933e-02 -2.0676e-02 -2.7237e-02 -1.0651e-02  3.2158e-03 -3.7994e-02
 -2.5085e-02  8.8989e-02 -1.8219e-02  2.5215e-03  5.9547e-03  1.4601e-03
  5.1849e-02 -3.4149e-02  7.5989e-03  1.2657e-02  2.5375e-02 -1.2085e-02
 -9.3536e-03  9.1400e-03 -2.8519e-02  7.9193e-03  4.0970e-03 -2.4887e-02
  1.2657e-02  1.5617e-02 -1.9089e-02 -1.1330e-02 -2.6917e-02 -2.9312e-02
  1.2177e-02 -3.9635e-03  3.0441e-02  8.4839e-03  1.8967e-02 -3.5461e-02
  9.5978e-03 -3.1986e-03 -9.0179e-03 -1.4197e-01  9.7198e-03 -4.0161e-02
 -3.6926e-02 -2.2110e-02 -1.0323e-02  1.4062e-01  1.1063e-02 -1.1940e-02
  1.2451e-02 -3.1021e-02 -8.1787e-03  6.1417e-03  1.7960e-02 -1.0178e-02
 -7.2746e-03  1.5327e-02  5.7770e-02  2.0771e-03  1.4961e-02 -6.2180e-03
  3.6377e-02 -9.9850e-04  1.0139e-02 -9.7885e-03 -3.1052e-02 -1.9363e-02
  9.7351e-03  4.6349e-03 -3.0014e-02  2.9278e-03 -1.8723e-02 -1.0666e-02
  3.1830e-02 -1.0689e-02 -1.1368e-02 -4.5471e-03  6.3248e-03  8.4991e-03
 -4.6539e-03 -3.7811e-02  3.3508e-02  1.1223e-02  5.6648e-03 -2.3651e-03
  2.1561e-02  2.7390e-02 -2.9022e-02 -6.3744e-03 -3.2715e-02 -3.5492e-02
  9.7733e-03 -3.7659e-02 -7.9248e-01  5.9845e-02  3.4729e-02 -3.0637e-04
  4.1656e-03 -1.9424e-02 -6.8321e-03 -1.2932e-02  8.1406e-03  2.1484e-02
  1.5007e-02  7.5645e-03  8.6594e-03  8.4066e-04 -1.1926e-01  3.7109e-02
 -1.9798e-03  2.5497e-02 -4.7379e-03 -2.2446e-02 -9.6226e-04  1.1238e-02
 -1.9501e-02 -1.7044e-02 -1.7746e-02 -1.6724e-02 -1.0651e-02  2.6566e-02
 -1.4534e-02  2.0103e-03 -5.7297e-03  7.9041e-03  2.0905e-02  7.7057e-03
 -1.8112e-02 -1.4124e-03  6.2609e-04 -1.9806e-02 -9.2545e-03  6.3744e-03
  9.6664e-03  9.9670e-02  2.3926e-02  4.1016e-02 -2.6188e-03 -9.4376e-03
 -2.1500e-02 -2.5696e-02 -7.1859e-04  3.9062e-03 -2.4155e-02  1.4984e-02
 -1.0391e-02  1.2878e-02 -5.3062e-03 -1.0529e-02 -2.1179e-02 -5.8670e-03
 -1.8173e-02 -2.4277e-02  4.5776e-02 -2.7206e-02 -1.4549e-02 -1.3084e-02
 -7.2365e-03 -1.4046e-02 -2.1484e-02 -1.1032e-02 -2.5574e-02 -3.7003e-03
  1.3863e-02  6.7139e-03  7.5226e-03  1.0777e-03 -5.4474e-03  7.9803e-03
  1.1070e-02 -1.1044e-03  2.4689e-02 -2.1912e-02  1.7807e-02 -2.4338e-03
  5.0011e-03 -4.0558e-02  6.5552e-02  8.0566e-03  1.5038e-02  1.1765e-02
 -1.2421e-02  7.9422e-03  2.7725e-02  3.2520e-03 -3.8666e-02 -4.6143e-02
  3.5767e-02 -7.3090e-03 -3.6755e-03  2.8381e-03 -2.2675e-02 -2.5711e-02
 -2.4414e-02  2.4811e-02  1.9348e-02  1.4534e-02  2.3956e-02  1.5671e-02
 -3.4485e-02  2.5146e-02  1.4519e-02 -3.4790e-02 -3.4851e-02  1.4133e-03
 -5.1041e-03 -6.9313e-03 -6.3400e-03  1.4107e-02  2.9785e-02 -1.3268e-02
 -1.3016e-02  4.6722e-02  3.8033e-03  3.5763e-03  1.2085e-02 -1.4275e-02
 -8.6441e-03  2.5215e-03  6.6895e-02 -6.4087e-02  4.5044e-02  1.5808e-02
  3.2227e-02  1.7975e-02 -2.6283e-03  2.4414e-03  1.1307e-02  1.5465e-02
 -7.0915e-03  1.9730e-02 -3.2867e-02  1.8707e-02  1.2215e-02 -2.5726e-02
  4.1718e-02 -4.1656e-03  3.3932e-03 -6.9656e-03 -2.7863e-02 -4.6883e-03
  4.3564e-03  3.4363e-02  1.4420e-02 -1.0643e-02  9.6664e-03 -3.0212e-03
  1.9703e-03  2.3041e-02  4.8676e-02  1.5366e-02 -1.3857e-03 -1.5244e-02
  2.4170e-02 -2.7847e-02  1.2642e-02  5.4291e-02 -1.5554e-03 -6.7368e-03
 -8.7830e-02 -3.8208e-02 -6.5231e-03  2.4124e-02  2.5040e-02 -9.2850e-03
 -3.7292e-02 -3.7098e-03  2.4155e-02 -2.6718e-02  2.7344e-02 -2.3224e-02
  2.5116e-02  3.8269e-02 -1.5854e-02  5.6114e-03  1.9363e-02 -7.5188e-03
  2.9343e-02 -2.9480e-02  2.0355e-02  2.0615e-02  1.4725e-03  3.4332e-02
 -2.3178e-02  1.0071e-02 -2.0432e-02 -1.0475e-02 -1.4809e-02 -6.9733e-03
  7.8964e-03  1.7838e-02  1.8539e-02  3.2864e-03  4.7913e-03  3.9398e-02
 -1.0780e-02  4.2847e-02 -2.6031e-02 -1.5602e-02  1.5671e-02 -5.6496e-03
  7.1182e-03 -3.8391e-02  2.8809e-02  3.0914e-02 -1.2718e-02 -5.4840e-02
  2.1561e-02  2.9778e-04 -1.0071e-02 -2.0233e-02  1.4687e-02  5.4588e-03
  9.9670e-02 -6.3438e-03 -2.7451e-02  1.5388e-02  2.7512e-02  2.1790e-02
 -2.4780e-02 -2.5391e-02  4.0894e-02  1.2183e-01 -2.8519e-02  1.9104e-02
  3.6285e-02 -9.0647e-04  1.3084e-02 -1.8723e-02  1.2886e-02  8.3618e-02
  1.7227e-02 -1.0849e-02  4.4365e-03 -1.1663e-03  9.7885e-03  5.8479e-03
 -3.7109e-02  1.9867e-02  1.3283e-02  7.2899e-03 -1.1192e-02  7.3891e-03
  2.3590e-02  2.3697e-02  2.2919e-02  2.6932e-02  1.8520e-03  1.4172e-03
 -2.7893e-02  1.8112e-02  4.1229e-02 -2.8214e-02  2.7919e-04  9.8343e-03
  4.8187e-02 -1.2917e-02  7.7782e-03 -5.3192e-02  3.5156e-02  1.3184e-02
  1.4954e-02  6.7482e-03 -6.2180e-03 -7.9117e-03 -7.6355e-02  6.9656e-03
 -9.6283e-03 -1.7258e-02  8.0490e-03  5.3787e-03  7.0190e-03  3.8055e-02
  6.8970e-03  1.7838e-02  2.2324e-02 -1.4465e-02 -4.3427e-02  1.4244e-02
 -5.2917e-02 -6.7863e-03 -2.0676e-02 -5.1971e-02 -2.5082e-03  7.0152e-03
  8.0566e-03  3.3783e-02 -1.3123e-02 -3.8300e-02 -3.4149e-02 -1.2756e-02
 -6.4331e-02 -1.5793e-02  2.8076e-02 -4.3915e-02 -2.9240e-03  1.8654e-03
 -3.5820e-03 -3.9062e-02 -1.8051e-02 -3.5736e-02 -2.0889e-02  2.3285e-02
  1.7441e-02 -1.1833e-02 -5.6267e-03 -8.5678e-03 -4.9591e-03  2.9850e-04
  7.9102e-02 -2.2537e-02  4.9400e-03  1.5778e-02  2.3209e-02  3.1830e-02
  1.6678e-02  3.0502e-02 -7.1030e-03 -3.5400e-02 -2.4094e-02 -2.5757e-02
 -2.3496e-04 -9.8648e-03  2.5558e-02 -4.1779e-02  4.1723e-05  2.0294e-02
  8.3237e-03 -1.9989e-02 -5.3558e-02  7.4577e-03  6.6986e-03  1.4130e-02
  4.6806e-03 -3.0289e-03  2.1019e-03 -4.3809e-05  1.4740e-02 -8.2474e-03
  1.6510e-02  1.5915e-02 -2.1896e-02  1.1612e-02  1.7405e-03 -1.8417e-02
 -3.0029e-02  2.4750e-02 -2.4033e-02  2.0905e-02 -4.9095e-03 -4.0710e-02
 -3.2043e-02  2.9892e-02 -1.5465e-02  1.9730e-02 -2.2659e-02  8.7357e-03
 -1.4870e-02 -1.4565e-02 -4.4220e-02 -3.0243e-02  4.6082e-03 -9.4299e-03
 -1.7557e-03 -1.6281e-02  1.0361e-02 -1.3252e-02  6.2378e-02 -4.1733e-03
  5.4398e-03 -1.1185e-02 -6.4545e-03 -1.1873e-03  2.6733e-02  3.9444e-03
  6.0081e-03 -8.1406e-03  5.1041e-03 -1.3077e-02  6.2180e-03  2.5711e-03
 -1.1154e-02 -5.5656e-03 -2.0111e-02  1.6754e-02 -7.8430e-03 -3.3913e-03
  1.2207e-02  2.2049e-03  1.1358e-03 -2.4353e-02 -1.6556e-02 -1.3634e-02
 -8.2932e-03 -6.7787e-03 -1.1444e-03  3.9043e-03  5.1956e-03  2.8320e-02
  3.7018e-02  9.3365e-04 -3.4561e-03 -1.6584e-03 -1.5945e-02 -6.9695e-03
  5.9814e-02 -1.0849e-02 -2.1118e-02  1.9806e-02 -1.5282e-02  9.9487e-02
 -2.0538e-02 -1.3329e-02]",12.212607,-0.3749277,3.3139098333624517,-5.613107090764371,0
egypt_by_oracle\人\A1\人_A1_01.png,人,egypt,A1,1,"[-2.4216e-02  3.1342e-02 -7.3357e-03 -3.9734e-02  3.6285e-02 -5.5580e-03
 -6.8703e-03  5.1819e-02 -6.0974e-02  1.7670e-02  3.3112e-02 -1.3260e-02
  4.6448e-02 -4.0833e-02 -2.9964e-03  2.0065e-02  5.8411e-02  1.3168e-02
 -5.1641e-04  3.1250e-02 -1.1086e-02  4.7394e-02  1.2413e-02  7.0724e-03
 -2.9648e-02  1.4359e-02  1.9398e-03 -9.0942e-03 -3.9043e-03 -3.8086e-02
  1.6556e-02 -1.9089e-02  1.9333e-02  8.8577e-03  1.1658e-02 -5.7831e-02
  2.5253e-03 -2.3102e-02  1.8646e-02 -9.5154e-02 -4.2664e-02  8.6212e-03
 -2.8946e-02 -6.2622e-02  2.9861e-02 -4.5109e-04  5.4245e-03 -3.5610e-03
  5.6953e-03  1.1734e-02  5.6152e-03  3.2684e-02  2.5925e-02 -7.2193e-04
  6.9046e-03 -1.3214e-02  5.4657e-02  9.2697e-03 -2.7237e-02  2.7580e-03
  5.3436e-02  9.5520e-03  3.7140e-02 -2.6520e-02 -2.9694e-02 -1.5671e-02
 -1.2680e-02  3.9001e-02 -1.5221e-02 -2.5803e-02 -4.2175e-02 -1.0117e-02
  2.6108e-02 -8.8730e-03  7.9117e-03  2.4796e-03  9.6970e-03  1.0519e-03
  9.8944e-05 -3.9886e-02  5.4474e-03  1.6373e-02  4.3701e-02  2.1210e-02
  1.0857e-02  2.7023e-02 -3.8086e-02 -2.4811e-02 -5.8044e-02 -2.8076e-02
 -2.5253e-02 -5.4626e-02 -7.3877e-01  5.1788e-02  4.1901e-02 -1.9287e-02
 -1.3710e-02 -1.3342e-03 -9.2087e-03 -3.3752e-02 -1.1436e-02  1.4633e-02
  6.5796e-02  1.1734e-02  6.9214e-02  3.0869e-02 -1.7493e-01  2.3758e-02
 -3.4241e-02  8.9264e-03 -1.2405e-02 -9.8190e-03 -5.2910e-03  3.8177e-02
 -2.9564e-03 -9.1095e-03  6.5002e-03  1.4122e-02 -2.1362e-02  1.9058e-02
 -2.8896e-03  4.5242e-03  2.1572e-03  3.3531e-03 -8.8425e-03  2.2202e-02
  2.7679e-02 -5.3787e-03 -2.0035e-02 -1.3718e-02  8.2302e-04 -3.3417e-02
 -8.6288e-03  9.6252e-02  2.9411e-03  1.6785e-02 -1.6861e-02  5.3024e-03
 -1.2865e-03  5.5695e-04  4.6310e-03 -1.0201e-02 -2.9510e-02 -3.5492e-02
 -2.7298e-02  1.5823e-02  3.3173e-02  4.8126e-02  4.1618e-03 -2.6751e-04
 -2.9160e-02 -6.6345e-02  4.2236e-02  2.3270e-02  9.2316e-03 -1.6937e-02
 -5.0415e-02  7.8125e-03 -3.0167e-02  2.3331e-02 -3.1494e-02 -4.8904e-03
 -1.4511e-02  3.4542e-03  6.6643e-03 -1.9333e-02 -2.5909e-02  1.4755e-02
  6.1684e-03 -2.9205e-02 -6.9656e-03 -2.1957e-02  7.6103e-04 -4.3716e-03
 -6.9580e-03 -4.6295e-02  2.1606e-02  1.1421e-02  6.2317e-02  8.6594e-03
  9.3155e-03  3.5763e-04  4.0283e-02  2.0950e-02 -5.8746e-04 -3.2806e-02
  1.8204e-02 -2.3819e-02 -1.9119e-02  1.5961e-02  5.6419e-03 -1.4999e-02
 -1.3687e-02  2.3148e-02  1.9897e-02  6.5804e-03 -1.1721e-03  4.9553e-03
 -3.7964e-02  1.8463e-02  4.5685e-02  1.4542e-02 -2.0309e-02  3.9978e-03
 -9.9792e-03  2.3163e-02 -3.1891e-02 -3.2806e-02 -1.1435e-03  3.0777e-02
 -1.1559e-02  3.8666e-02 -4.4922e-02  4.2114e-02 -4.5776e-03 -1.6846e-02
  5.7449e-03 -1.4734e-03  8.9417e-03 -5.3120e-04  4.4342e-02  4.3213e-02
  3.4515e-02  6.1035e-03 -9.6817e-03  3.1403e-02  1.1611e-04  2.8885e-02
  4.1122e-03  1.1444e-02  8.3160e-04  4.3518e-02  4.1840e-02 -2.9755e-02
  4.8370e-02  7.4348e-03  1.2436e-02 -4.8065e-02 -1.6251e-02  2.0397e-04
 -1.0895e-02 -1.0433e-03  4.1931e-02  1.3901e-02 -3.7766e-03  3.3051e-02
 -3.5553e-02  1.4763e-02  3.7201e-02 -8.5754e-03  1.3924e-02 -1.7731e-02
  2.3407e-02 -4.0985e-02  2.0737e-02  3.3661e-02 -1.1053e-03 -6.5979e-02
 -5.5023e-02 -4.3365e-02 -7.2899e-03  3.3752e-02 -1.7029e-02 -4.7302e-02
  3.5156e-02  8.3466e-03  5.4836e-04 -1.0536e-02 -1.3161e-02 -2.1683e-02
  2.2949e-02  2.2125e-02  2.0782e-02 -1.1482e-03  1.7517e-02 -6.3438e-03
  1.5640e-02 -2.3918e-03  3.4393e-02 -6.8703e-03 -2.3232e-03  5.0659e-02
 -8.4972e-04 -1.7578e-02 -6.7711e-03  1.9394e-02 -5.8380e-02 -2.1957e-02
  4.4022e-03  2.0050e-02  3.9307e-02 -1.3145e-02 -1.2674e-03  3.5645e-02
 -2.6443e-02  7.8735e-02 -1.3687e-02 -3.4454e-02  3.4149e-02 -3.1769e-02
 -1.8906e-02 -1.5961e-02  4.1534e-02 -2.9163e-03 -2.7969e-02 -5.8716e-02
  2.6321e-02  8.0261e-03  5.5695e-03 -2.3361e-02  6.7596e-03  1.6724e-02
  9.6130e-02 -2.3911e-02 -1.1658e-02  5.1300e-02  4.2114e-02 -7.7858e-03
 -5.3062e-03 -6.4026e-02  2.7145e-02  7.9834e-02 -3.6560e-02  2.1179e-02
  3.5767e-02  3.0136e-03  9.3918e-03  1.7151e-02 -3.0807e-02  5.0537e-02
  9.1934e-03  2.1439e-02  6.4507e-03 -1.2192e-02 -1.3336e-02  1.8417e-02
 -2.9404e-02  9.4147e-03  3.1921e-02  3.9825e-02  1.6708e-02  2.3300e-02
 -1.9470e-02  3.7750e-02 -1.5764e-03  4.2175e-02  2.5925e-02 -9.0265e-04
 -3.7537e-02  3.5763e-03  1.8433e-02  1.9894e-03  5.6305e-03 -2.8320e-02
 -2.1801e-03  5.0125e-03 -3.9337e-02 -5.5450e-02  4.6204e-02  2.6596e-02
  2.2293e-02  7.0953e-03 -2.7714e-03 -2.8427e-02 -8.1421e-02  2.5375e-02
 -1.7578e-02 -1.4359e-02  6.3972e-03  3.1090e-03  6.3782e-03  1.4847e-02
  3.8025e-02 -3.3661e-02  2.6123e-02 -4.5868e-02  1.2612e-04 -7.6523e-03
 -1.4580e-02 -3.3051e-02 -2.7100e-02 -3.5706e-02  6.8550e-03 -3.2257e-02
 -4.6463e-03  2.5055e-02  4.8065e-02 -1.1559e-02 -8.2874e-04  3.1677e-02
 -1.0382e-01 -3.5583e-02  4.4678e-02 -4.3518e-02 -3.2471e-02  1.9302e-02
  9.4223e-04 -1.1497e-02  1.1452e-02 -6.0669e-02  8.7357e-03  2.0493e-02
  2.8946e-02 -1.7685e-02 -2.0096e-02 -1.7639e-02  1.6754e-02  1.6937e-03
  7.2083e-02  3.3379e-03 -9.7733e-03  2.4719e-02  4.4983e-02  3.9062e-02
 -5.3787e-03  2.5116e-02 -2.2873e-02  3.0975e-03 -2.7802e-02 -2.4673e-02
 -1.1139e-03 -1.5930e-02  1.0658e-02 -2.9938e-02  1.7395e-02  1.9150e-02
  3.5065e-02 -4.2633e-02 -2.6550e-02  1.8587e-03  3.5400e-02  3.0502e-02
  5.4596e-02 -3.2349e-02 -2.9785e-02 -1.1932e-02  3.3455e-03 -1.6251e-02
  5.6915e-03 -1.7563e-02  2.8858e-03  5.2338e-02 -2.7695e-02  1.8875e-02
 -9.1782e-03  2.2232e-02 -3.8605e-02  2.8427e-02 -4.0169e-03  5.6114e-03
 -2.7191e-02 -7.3862e-04 -1.9974e-02  5.3986e-02 -1.8921e-03 -1.8091e-03
  3.1982e-02 -2.0874e-02 -1.3313e-02 -1.5930e-02  7.5436e-04  2.4063e-02
  4.3060e-02 -2.5482e-02  2.3163e-02 -3.3173e-02  7.5439e-02  2.4704e-02
 -1.4297e-02 -4.3273e-05  4.3091e-02  5.4718e-02  6.3782e-03 -1.7365e-02
 -1.7805e-03 -3.0380e-02 -1.3870e-02 -1.5717e-02 -1.0277e-02 -2.3697e-02
 -5.8174e-03  1.8494e-02 -1.5961e-02 -1.8829e-02 -1.6068e-02  1.8082e-02
  1.9989e-02  2.5253e-02  6.6566e-03 -5.6854e-02 -4.8676e-02 -3.2135e-02
 -1.5671e-02 -2.9633e-02 -2.7100e-02  2.0798e-02  3.2684e-02 -2.3743e-02
  7.0076e-03 -3.6591e-02 -2.2125e-02 -1.4198e-02 -2.5681e-02 -1.3817e-02
  3.4302e-02 -2.2842e-02 -1.0628e-02  3.0228e-02 -2.0050e-02  8.3008e-02
  8.0414e-03 -2.9694e-02]",10.009292,2.4321146,-9.374856264323348,-8.215228585061928,1
egypt_by_oracle\人\A1\人_A1_02.png,人,egypt,A1,2,"[-2.0844e-02  3.5706e-02  1.9588e-03 -3.2196e-02  5.3070e-02 -1.6422e-03
  1.1261e-02  4.3335e-02 -2.9572e-02  4.8180e-03  2.6733e-02 -1.3771e-02
  3.5217e-02 -3.3630e-02  1.0271e-03  3.8208e-02  4.7058e-02  1.2848e-02
  5.6686e-03  3.2806e-02 -3.1708e-02  3.2806e-02 -4.8423e-04  3.7022e-03
 -3.9795e-02 -8.0729e-04 -1.3130e-02  1.2077e-02 -5.9128e-03 -3.1860e-02
  5.4398e-03 -1.7746e-02  3.4546e-02  1.8463e-02  1.1772e-02 -5.9418e-02
  1.0208e-02 -2.8030e-02  2.8091e-02 -1.0291e-01 -4.2480e-02  1.4725e-02
 -3.0273e-02 -5.6366e-02  3.0716e-02  4.9591e-02 -1.1663e-03  1.1986e-02
  2.5986e-02  5.3635e-03  8.5831e-03  4.5227e-02  5.8556e-03  1.7715e-02
 -1.2764e-02 -2.5040e-02  7.2021e-02 -5.7526e-03 -6.1096e-02 -5.5790e-04
  1.1188e-01 -1.3990e-03  1.4618e-02 -3.3295e-02 -1.4771e-02 -9.6741e-03
 -6.9389e-03  7.8125e-02 -1.0986e-02 -6.0196e-03 -5.4016e-02 -2.0386e-02
  1.3031e-02  1.1887e-02 -3.7975e-03 -8.9455e-04  1.7452e-03 -2.1610e-03
  5.6381e-03 -6.0234e-03  1.6586e-02  3.3081e-02  5.8563e-02  3.5767e-02
  5.8022e-03  4.0253e-02 -2.9007e-02 -1.3771e-02 -3.6560e-02 -1.6251e-02
 -1.2108e-02 -7.1350e-02 -7.3975e-01  3.6774e-02  3.9459e-02 -3.9139e-03
  2.7895e-04  3.7956e-03  2.7969e-02 -1.9180e-02 -1.0811e-02  1.3786e-02
  6.5063e-02 -4.3335e-03  5.1788e-02  1.4618e-02 -1.3586e-01  3.3966e-02
 -1.9409e-02 -1.0468e-02 -4.4289e-03 -1.0727e-02 -2.6608e-04  3.1616e-02
  9.6741e-03 -6.3515e-03 -2.8658e-04  1.1551e-02 -1.7059e-02 -3.0708e-03
 -1.5488e-02  3.3691e-02  2.9266e-02  1.0506e-02 -4.8981e-03  2.3056e-02
  2.8885e-02 -2.4910e-03 -2.1927e-02 -1.2749e-02 -1.0048e-02  2.3384e-03
 -6.5308e-03  9.5032e-02  3.2471e-02  2.9388e-02 -1.7410e-02 -1.3390e-02
 -4.2633e-02  1.2489e-02 -8.3542e-03 -9.7656e-03 -3.8116e-02 -1.1276e-02
 -1.9951e-03  1.4267e-02  4.0070e-02  1.4908e-02 -2.6459e-02  4.1580e-03
 -3.5004e-02 -4.9286e-02  5.9753e-02  2.2888e-02 -8.7814e-03 -1.1932e-02
 -3.0807e-02  8.2245e-03 -1.0117e-02 -2.8458e-03 -1.9409e-02 -4.5776e-03
 -2.7065e-03 -1.0773e-02  1.0345e-02  2.6760e-03 -4.8370e-02 -5.5618e-03
  5.7678e-03 -1.1932e-02 -3.6957e-02 -1.6891e-02 -5.2872e-03 -3.4142e-03
  9.1553e-03 -5.2795e-02  4.6295e-02  2.1042e-02  4.8737e-02 -6.1989e-03
  2.8625e-02  9.8495e-03  2.9953e-02  2.1439e-02 -3.4676e-03 -2.4536e-02
  3.7899e-03 -3.0960e-02 -2.2964e-03  2.5964e-04  7.2670e-03 -1.4481e-02
 -1.5221e-02  8.2092e-03  4.3030e-02  1.1475e-02 -3.9101e-03 -6.0234e-03
 -4.3365e-02 -5.7335e-03  3.7506e-02  2.7943e-03  1.1292e-03  6.3820e-03
 -9.2468e-03  1.0269e-02 -2.6840e-02 -4.0558e-02  7.0858e-04  1.1032e-02
 -1.3626e-02  5.0507e-02 -1.0292e-02  2.9221e-02  1.3283e-02 -3.6865e-02
 -3.8795e-03 -5.4312e-04  1.4923e-02 -5.0964e-03  4.2816e-02  2.8702e-02
  4.0588e-02 -5.2547e-04 -6.8665e-03  3.2074e-02 -1.6434e-02  3.7689e-02
  1.6708e-02  6.7635e-03 -9.8343e-03  4.9744e-02  1.7700e-02 -3.9032e-02
  4.7852e-02 -1.5236e-02  1.1574e-02 -4.1901e-02 -2.2232e-02  1.3268e-02
 -1.0559e-02 -6.3467e-04  5.3680e-02 -9.2936e-04  3.2825e-03  1.1955e-02
 -3.0487e-02  3.7506e-02  3.0090e-02 -1.8829e-02 -7.6103e-03 -5.0011e-03
 -4.5853e-03 -3.2562e-02  1.7426e-02  1.4091e-02  4.0321e-03 -3.5858e-02
 -8.0566e-02 -5.1453e-02 -1.0239e-02  3.0212e-02 -3.6804e-02 -3.8544e-02
  3.0045e-02 -1.0880e-02  2.0340e-02 -2.3148e-02 -2.1118e-02 -3.1464e-02
  1.8372e-02  8.9264e-03  4.7729e-02  2.1255e-02  5.1361e-02 -9.5901e-03
 -5.7487e-03  1.7792e-02  2.2018e-02  1.0170e-02 -1.2329e-02  3.8696e-02
  2.5978e-03 -2.8397e-02 -1.0262e-02  2.0111e-02 -3.1708e-02 -2.0370e-03
  5.7068e-03  3.8300e-02  3.6957e-02  4.3571e-05 -1.7227e-02  3.0334e-02
 -3.1433e-02  6.5979e-02  1.1230e-02 -2.8244e-02  1.9409e-02 -2.7817e-02
 -1.6479e-02 -3.2520e-03  4.4373e-02  1.0315e-02 -1.3161e-02 -6.8237e-02
  6.1279e-02  8.0872e-03  2.6489e-02 -3.1204e-02 -9.5062e-03 -1.3596e-02
  9.5032e-02 -1.2455e-03 -1.9989e-02  3.8025e-02  3.6530e-02 -6.0806e-03
  2.3460e-03 -7.7271e-02  2.1957e-02  1.0992e-01 -4.2084e-02  2.3315e-02
  3.5736e-02  1.3817e-02 -1.5778e-02 -1.8682e-03  3.8929e-03  4.5349e-02
 -9.6283e-03  1.2901e-02  1.3229e-02 -1.9531e-02 -1.4694e-02  1.0468e-02
 -1.8377e-03 -3.1605e-03  1.2161e-02  2.2522e-02 -3.8719e-03  2.1484e-02
 -2.3987e-02  3.9368e-02 -8.4915e-03  6.2927e-02  1.3390e-02 -8.9569e-03
 -3.4729e-02 -2.3819e-02  4.4464e-02  2.1877e-03 -1.1604e-02  2.3575e-03
 -2.0771e-03  9.7351e-03 -3.0441e-02 -7.0129e-02  4.5868e-02  3.0380e-02
  1.5182e-02  4.0398e-03  5.3635e-03 -4.7424e-02 -4.4922e-02  3.2349e-02
 -1.2589e-02 -3.2166e-02 -4.8370e-03  2.3232e-03  6.9008e-03  3.6255e-02
  2.5467e-02  4.2458e-03  2.1011e-02 -4.0558e-02  1.4770e-04  1.1635e-03
 -3.4485e-02 -3.9612e-02 -3.0212e-02 -1.2215e-02 -5.7840e-04 -4.2389e-02
 -7.1716e-03  2.7390e-02  4.2328e-02 -2.7008e-02 -5.8746e-03  2.0996e-02
 -9.0332e-02 -2.3315e-02  2.6840e-02 -4.4708e-02  2.5063e-03  1.9730e-02
 -2.2471e-05 -1.5129e-02  1.3435e-02 -6.2378e-02 -5.0735e-03  8.6136e-03
  5.5969e-02 -1.9409e-02 -7.5760e-03 -1.9455e-02  4.2755e-02 -6.8932e-03
  6.7871e-02  1.1902e-02  2.2522e-02  3.5583e-02  3.0594e-02  2.8122e-02
  2.3060e-03  2.5726e-02 -2.5787e-02 -5.7220e-03 -3.8849e-02 -7.7972e-03
  3.7018e-02 -1.1414e-02  1.8890e-02  1.2817e-02  2.3987e-02  2.2781e-02
  1.4076e-02 -4.5380e-02  9.7885e-03 -4.1127e-04  3.0594e-02  2.0721e-02
  3.6469e-02 -2.4475e-02 -3.1647e-02  6.1188e-03  8.2092e-03 -1.4114e-02
 -1.2093e-03  9.9277e-04 -7.0229e-03  3.8422e-02 -2.9175e-02  7.2556e-03
 -7.0992e-03 -1.1383e-02 -3.3417e-02  1.7380e-02 -2.0523e-02  1.5221e-02
 -1.9852e-02  1.7929e-04 -1.6928e-05  6.9031e-02  1.3908e-02  1.2474e-02
  4.7424e-02 -2.7481e-02 -3.4475e-04 -2.1927e-02 -1.4687e-02  2.2583e-02
  6.9885e-03 -1.6052e-02  1.8066e-02 -2.0279e-02  6.8542e-02  1.0872e-02
  6.7902e-03 -3.7422e-03  5.0629e-02  3.8452e-02 -1.2436e-02 -1.4854e-02
  1.2045e-03 -2.2934e-02 -2.9129e-02 -4.1595e-02 -7.8278e-03 -1.1520e-02
 -1.7960e-02 -4.1199e-03  1.1192e-02 -9.7122e-03  8.3237e-03  2.3270e-02
  1.4801e-02  1.0139e-02  1.4832e-02 -7.6843e-02 -3.7659e-02 -3.9307e-02
  3.6278e-03 -4.3671e-02 -1.9821e-02  1.7883e-02  2.1240e-02  1.4648e-03
  4.9896e-03 -4.0009e-02 -2.9129e-02 -5.2071e-03 -1.4282e-02  3.5524e-04
  4.1992e-02 -1.0292e-02 -1.5106e-02  3.7018e-02 -3.3508e-02  6.8359e-02
 -9.5520e-03 -2.8671e-02]",9.959392,2.668423,-9.882053295295396,-8.012701562118124,1
